<Ui xmlns="http://www.blizzard.com/wow/ui/"   xmlns:xsi="http://www.w3.org/2001/XMLSchema-instance"   xsi:schemaLocation="http://www.blizzard.com/wow/ui/">
	<!--the other files for the addon-->
	<Script file="Prominence.lua"></Script>
	<Script file="Prominence_Menu.lua"></Script>
	<!--a simple frame; it just handles the onload and onevent for the entire addon-->
	<Frame name="ProminenceFrame">
		<Scripts>
			<OnLoad> Prominence:OnLoad(); </OnLoad>
			<OnEvent> Prominence:OnEvent(event); </OnEvent>
		</Scripts>
	</Frame>
</Ui>
