<Ui xmlns="http://www.blizzard.com/wow/ui/"   xmlns:xsi="http://www.w3.org/2001/XMLSchema-instance"   xsi:schemaLocation="http://www.blizzard.com/wow/ui/">
	<Script file="Notifications.lua"></Script>
	<Script file="Notifications_Menu.lua"></Script>
	<Frame name="NotificationsFrame">
		<Scripts>
			<OnLoad> Notifications:OnLoad(); </OnLoad>
			<OnEvent> Notifications:OnEvent(event); </OnEvent>
		</Scripts>
	</Frame>
	<Frame name="NotificationsRegXFrame">
		<Scripts>
			<OnEvent> Notifications:OnCombatRegXEvent(event); </OnEvent>
		</Scripts>
	</Frame>
	<Frame name="NotificationsDelayFrame"/>
	<Frame name="NotificationsTargetFrame"/>
	<Font name="NotificationsFont" inherits="GameFontNormal" virtual="true">
		<Shadow>
			<Offset>
				<AbsDimension x="-2" y="-2"/>
			</Offset>
			<Color r="0" g="0" b="0"/>
		</Shadow>
	</Font>
	<Frame name="NotificationsAnchorFrame">
		<Size>
			<AbsDimension x="1" y="1"/>
		</Size>
		<Anchors>
			<Anchor point="CENTER"/>
		</Anchors>
	</Frame>
	<Frame name="NotificationsAlertFrame" hidden="true">
		<Size>
			<AbsDimension x="1" y="1"/>
		</Size>
		<Anchors>
			<Anchor point="CENTER" relativeTo="NotificationsAnchorFrame"/>
		</Anchors>
		<Layers>
			<Layer level="ARTWORK">
				<FontString name="$parentText" inherits="NotificationsFont" justifyH="CENTER" justifyV="CENTER">
					<Anchors>
						<Anchor point="CENTER"/>
					</Anchors>
				</FontString>
			</Layer>
		</Layers>
		<Scripts>
			<OnLoad>
				function this.onUpdate()
					if GetTime() >= this.timestart + 1 then
						local alpha = 1 - GetTime() + this.timestart + 1
						if alpha > 0 then
							this:SetAlpha(alpha)
						else
							this:Hide()
							this:SetScript("OnUpdate",nil)
						end
					end
				end
			</OnLoad>
			<OnShow>
				this:SetAlpha(1)
				this.timestart = GetTime()
				this:SetScript("OnUpdate",function() NotificationsAlertFrame.onUpdate() end)
			</OnShow>
		</Scripts>
	</Frame>
</Ui>
