<Ui xmlns="http://www.blizzard.com/wow/ui/"   xmlns:xsi="http://www.w3.org/2001/XMLSchema-instance"   xsi:schemaLocation="http://www.blizzard.com/wow/ui/">
	<!--the other files for the addon-->
	<Script file="PlayerBuffs.lua"></Script>
	<Script file="PlayerDebuffs.lua"></Script>
	<Script file="PlayerBuffs_Menu.lua"></Script>
	<Script file="PlayerDebuffs_Menu.lua"></Script>
	<!--a simple frame; it just handles the onload and onevent for the entire addon-->
	<Frame name="PlayerBuffsFrame">
		<Scripts>
			<OnLoad> PlayerBuffs:OnLoad(); </OnLoad>
			<OnEvent> PlayerBuffs:OnEvent(event); </OnEvent>
		</Scripts>
	</Frame>
	<Frame name="PlayerDebuffsFrame">
		<Scripts>
			<OnLoad> PlayerDebuffs:OnLoad(); </OnLoad>
			<OnEvent> PlayerDebuffs:OnEvent(event); </OnEvent>
		</Scripts>
	</Frame>
</Ui>
