<Ui xmlns="http://www.blizzard.com/wow/ui/" xmlns:xsi="http://www.w3.org/2001/XMLSchema-instance" xsi:schemaLocation="http://www.blizzard.com/wow/ui/
..\FrameXML\UI.xsd">
	<Script file="NComboBar.lua"/>
	<Frame name="NComboBarPointTemplate" virtual="true">
		<Size>
			<AbsDimension x="13" y="13"/>
		</Size>
		<Layers>
			<Layer level="ARTWORK">
				<Texture name="$parentHighlight" file="Interface\Addons\NComboBar\NCBPoint">
					<Size>
						<AbsDimension x="12" y="12"/>
					</Size>
					<Anchors>
						<Anchor point="TOPLEFT">
							<Offset>
								<AbsDimension x="2" y="0"/>
							</Offset>
						</Anchor>
					</Anchors>
				</Texture>
			</Layer>
			<Layer level="OVERLAY">
				<Texture name="$parentShine" file="Interface\Addons\NComboBar\NCBShine" alphaMode="ADD">
					<Size>
						<AbsDimension x="16" y="16"/>
					</Size>
					<Anchors>
						<Anchor point="TOPLEFT">
							<Offset>
								<AbsDimension x="3" y="4"/>
							</Offset>
						</Anchor>
					</Anchors>
				</Texture>
			</Layer>
		</Layers>
	</Frame>
	<Frame name="NComboBarPointTemplateBIG" virtual="true">
		<Size>
			<AbsDimension x="17" y="17"/>
		</Size>
		<Layers>
			<Layer level="ARTWORK">
				<Texture name="$parentHighlight" file="Interface\Addons\NComboBar\NCBPoint">
					<Size>
						<AbsDimension x="16" y="16"/>
					</Size>
					<Anchors>
						<Anchor point="TOPLEFT">
							<Offset>
								<AbsDimension x="2" y="0"/>
							</Offset>
						</Anchor>
					</Anchors>
				</Texture>
			</Layer>
			<Layer level="OVERLAY">
				<Texture name="$parentShine" file="Interface\Addons\NComboBar\NCBShine" alphaMode="ADD">
					<Size>
						<AbsDimension x="20" y="20"/>
					</Size>
					<Anchors>
						<Anchor point="TOPLEFT">
							<Offset>
								<AbsDimension x="3" y="4"/>
							</Offset>
						</Anchor>
					</Anchors>
				</Texture>
			</Layer>
		</Layers>
	</Frame>
	<Frame name="NComboBar" frameStrata="MEDIUM" toplevel="true" movable="true" parent="UIParent" hidden="true" alpha="0">
		<Size>
			<AbsDimension x="256" y="32"/>
		</Size>
		<Anchors>
			<Anchor point="CENTER">
				<Offset>
					<AbsDimension x="120" y="-85"/>
				</Offset>
			</Anchor>
		</Anchors>
		<Layers>
			<Layer level="BACKGROUND">
					<Texture name="$parentBackground" file="Interface\Addons\NComboBar\NCBBackground">
						<Size>
							<AbsDimension x="256" y="32"/>
						</Size>
						<Anchors>
							<Anchor point="TOPLEFT">
								<Offset>
									<AbsDimension x="0" y="0"/>
								</Offset>
							</Anchor>
						</Anchors>
					</Texture>
			</Layer>
		</Layers>
		<Frames>
			<Frame name="NComboBarPoint1" inherits="NComboBarPointTemplate">
				<Anchors>
					<Anchor point="TOPLEFT">
						<Offset>
							<AbsDimension x="71" y="-8"/>
						</Offset>
					</Anchor>
				</Anchors>
			</Frame>
			<Frame name="NComboBarPoint2" inherits="NComboBarPointTemplate">
				<Anchors>
					<Anchor point="TOP" relativeTo="NComboBarPoint1" relativePoint="TOP">
						<Offset>
							<AbsDimension x="24" y="0"/>
						</Offset>
					</Anchor>
				</Anchors>
			</Frame>
			<Frame name="NComboBarPoint3" inherits="NComboBarPointTemplate">
				<Anchors>
					<Anchor point="TOP" relativeTo="NComboBarPoint2" relativePoint="TOP">
						<Offset>
							<AbsDimension x="24" y="0"/>
						</Offset>
					</Anchor>
				</Anchors>
			</Frame>
			<Frame name="NComboBarPoint4" inherits="NComboBarPointTemplate">
				<Anchors>
					<Anchor point="TOP" relativeTo="NComboBarPoint3" relativePoint="TOP">
						<Offset>
							<AbsDimension x="23" y="0"/>
						</Offset>
					</Anchor>
				</Anchors>
			</Frame>
			<Frame name="NComboBarPoint5" inherits="NComboBarPointTemplateBIG">
				<Size>
					<AbsDimension x="17" y="17"/>
				</Size>
				<Anchors>
					<Anchor point="TOP" relativeTo="NComboBarPoint4" relativePoint="TOP">
						<Offset>
							<AbsDimension x="27" y="2"/>
						</Offset>
					</Anchor>
				</Anchors>
			</Frame>
		</Frames>
		<Scripts>
			<OnLoad>
				NComboBarPointsFrame_OnLoad();
			</OnLoad>
			<OnEvent>
				NComboBarPointsFrame_OnEvent(event);
			</OnEvent>
			<OnDragStart>
				NComboBarPointsFrame_Drag();
			</OnDragStart>
			<OnDragStop>
				this:StopMovingOrSizing();
			</OnDragStop>
			<OnHide>
				this:StopMovingOrSizing();
			</OnHide>
		</Scripts>
	</Frame>
</Ui>
