<Ui xmlns="http://www.blizzard.com/wow/ui/" xmlns:xsi="http://www.w3.org/2001/XMLSchema-instance" xsi:schemaLocation="http://www.blizzard.com/wow/ui/">
	<Include file="MI2_Templates.xml" />
	<Frame name="MI2_MobInfoFrame">
		<Scripts>
			<OnLoad>MI2_OnLoad()</OnLoad>
			<OnEvent>MI2_OnEvent(event);</OnEvent></Scripts></Frame>
	<Frame name="MI2_MobHealthFrame" toplevel="true" frameStrata="LOW" movable="true" enableMouse="true" parent="TargetFrame">
		<Size>
			<AbsDimension x="128" y="32"/></Size>
		<Anchors>
			<Anchor point="TOP"/></Anchors>
		<Layers>
			<Layer level="ARTWORK">
				<FontString name="MI2_MobHealthText" inherits="GameFontNormalSmall">
					<Anchors>
						<Anchor point="TOP"/></Anchors>
					<Color r="1.0" g="1.0" b="1.0"/></FontString>
				<FontString name="MI2_MobManaText" inherits="GameFontNormalSmall">
					<Anchors>
						<Anchor point="TOP"/></Anchors>
					<Color r="1.0" g="1.0" b="1.0"/></FontString></Layer></Layers></Frame>
	<Button	name="MI2_MinimapButton" parent="Minimap"	frameStrata="MEDIUM">
		<Size>
			<AbsDimension	x="36" y="36"/>
		</Size>
		<Layers>
			<Layer level="OVERLAY">
				<Texture name="$parentBorder" file="Interface\Minimap\MiniMap-TrackingBorder">
					<Size>
						<AbsDimension x="64" y="64"/>
					</Size>
					<Anchors>
						<Anchor point="TOPLEFT"/></Anchors></Texture></Layer>
			<Layer level="ARTWORK">
				<Texture name="$parentIcon" file="Interface\CharacterFrame\TemporaryPortrait-Monster">
					<Size>
						<AbsDimension x="28" y="28"/>
					</Size>
					<Anchors>
						<Anchor point="TOPLEFT">
							<Offset>
								<AbsDimension x="7" y="-6"/>
							</Offset></Anchor></Anchors></Texture></Layer></Layers>
		<HighlightTexture	alphaMode="ADD" file="Interface\Minimap\UI-Minimap-ZoomButton-Highlight"/>
		<Scripts>
			<OnClick>MI2_SlashParse("")</OnClick>
		</Scripts></Button></Ui>
