<Ui xmlns="http://www.blizzard.com/wow/ui/"   xmlns:xsi="http://www.w3.org/2001/XMLSchema-instance"   xsi:schemaLocation="http://www.blizzard.com/wow/ui/">
	<!--the other files for the addon-->
	<Script file="Communication.lua"></Script>
	<!--a simple frame; it just handles the onload and onevent for the entire addon-->
	<Frame name="CommunicationFrame">
		<Scripts>
			<OnLoad> Communication:OnLoad(); </OnLoad>
			<OnEvent> Communication:OnEvent(event,...); </OnEvent>
		</Scripts>
	</Frame>
</Ui>
